{"cameraMode":{"drawMode":0,"name":"Shaded","section":"Shading Mode"},"sceneLighting":true,"audioPlay":false,"sceneViewState":{"showFog":true,"showMaterialUpdate":false,"showSkybox":false,"showFlares":true,"showImageEffects":true,"showParticleSystems":true},"in2DMode":false,"pivot":{"x":-5.8600006103515629,"y":21.349998474121095,"z":12.720001220703125},"rotation":{"x":-0.09885142743587494,"y":0.8716291785240173,"z":-0.1967456191778183,"w":-0.4379476308822632},"size":290.60223388671877,"orthographic":false}