{"cameraMode":{"drawMode":0,"name":"Shaded","section":"Shading Mode"},"sceneLighting":false,"audioPlay":false,"sceneViewState":{"showFog":true,"showMaterialUpdate":false,"showSkybox":false,"showFlares":true,"showImageEffects":true,"showParticleSystems":true},"in2DMode":false,"pivot":{"x":-0.08775806427001953,"y":5.0471696853637699,"z":2.439954996109009},"rotation":{"x":0.28752899169921877,"y":-0.41468438506126406,"z":0.13995836675167085,"w":0.8519267439842224},"size":6.400656700134277,"orthographic":false}