{"cameraMode":{"drawMode":0,"name":"Shaded","section":"Shading Mode"},"sceneLighting":false,"audioPlay":false,"sceneViewState":{"showFog":true,"showMaterialUpdate":false,"showSkybox":false,"showFlares":true,"showImageEffects":true,"showParticleSystems":true},"in2DMode":false,"pivot":{"x":-14.865303039550782,"y":10.000003814697266,"z":88.39500427246094},"rotation":{"x":0.22414378821849824,"y":0.10471056401729584,"z":-0.02424253523349762,"w":0.9686370491981506},"size":50.46995162963867,"orthographic":false}