{"cameraMode":{"drawMode":0,"name":"Shaded","section":"Shading Mode"},"sceneLighting":false,"audioPlay":false,"sceneViewState":{"showFog":true,"showMaterialUpdate":false,"showSkybox":false,"showFlares":true,"showImageEffects":true,"showParticleSystems":true},"in2DMode":false,"pivot":{"x":-3.8953495025634767,"y":1.1549911499023438,"z":80.71969604492188},"rotation":{"x":0.1651441752910614,"y":0.2238979935646057,"z":-0.038536813110113147,"w":0.9597724080085754},"size":14.719131469726563,"orthographic":false}