{"cameraMode":{"drawMode":0,"name":"Shaded","section":"Shading Mode"},"sceneLighting":false,"audioPlay":false,"sceneViewState":{"showFog":true,"showMaterialUpdate":false,"showSkybox":false,"showFlares":true,"showImageEffects":true,"showParticleSystems":true},"in2DMode":false,"pivot":{"x":-14.865303039550782,"y":10.000003814697266,"z":88.39500427246094},"rotation":{"x":-0.05296676605939865,"y":0.7691945433616638,"z":-0.06430124491453171,"w":-0.6336471438407898},"size":49.9316520690918,"orthographic":false}