{"cameraMode":{"drawMode":0,"name":"Shaded","section":"Shading Mode"},"sceneLighting":false,"audioPlay":false,"sceneViewState":{"showFog":true,"showMaterialUpdate":false,"showSkybox":true,"showFlares":true,"showImageEffects":true,"showParticleSystems":true},"in2DMode":false,"pivot":{"x":241.57484436035157,"y":-55.77125549316406,"z":20.9598388671875},"rotation":{"x":-0.15906652808189393,"y":-0.5815675854682922,"z":0.11722254753112793,"w":-0.7891631722450256},"size":140.7397003173828,"orthographic":false}